<mujoco><worldbody><light diffuse=".5 .5 .5" pos="0 0 3" dir="0 0 -1" /><geom name="ground" type="plane" size="50 50 0.1" rgba=".9 .9 .9 1" /><body name="geodude_body" pos="0 0 1"><joint type="free" /><body name="main_body" pos="0 0 0" /><geom type="sphere" size="0.12" rgba="1 0 0 1" pos="0 0 0" mass="5" /><body name="arm1" pos="-0.2 0 0"><geom name="arm1" type="capsule" size="0.05 0.02" rgba="0 1 0 1" mass="0.010394688762688106" /><joint name="arm1" type="hinge" axis="1 0 0" /><body name="hand1" pos="-0.08 -0.05 0"><geom type="sphere" size="0.02904495900553162" rgba="0 0 1 1" mass="0.8855700566417796" /></body></body><body name="arm2" pos="0.2 0 0"><geom name="arm2" type="capsule" size="0.05 0.02" rgba="0 1 0 1" mass="0.01" /><joint name="arm2" type="hinge" axis="1 0 0" /><body name="hand2" pos="0.08 -0.05 0"><geom type="sphere" size="0.025915257831665525" rgba="0 0 1 1" mass="1.0262232163667535" /></body></body><body name="arm3" pos="0.09853804611096562 0.048746877288669194 0"><geom name="arm3" type="capsule" size="0.05 0.02" rgba="0 1 0 1" mass="0.01" /><joint name="arm3" type="hinge" axis="1 0 0" /></body></body></worldbody><actuator><motor name="arm1" joint="arm1" gear="0.2" ctrllimited="true" ctrlrange="-60 60" /><motor name="arm2" joint="arm2" gear="0.2" ctrllimited="true" ctrlrange="-60 60" /><motor name="arm3" joint="arm3" gear="0.2" ctrllimited="true" ctrlrange="-60 60" /></actuator></mujoco>