<mujoco><worldbody><light diffuse=".5 .5 .5" pos="0 0 3" dir="0 0 -1" /><geom name="ground" type="plane" size="50 50 0.1" rgba=".9 .9 .9 1" /><body name="geodude_body" pos="0 0 1"><joint type="free" /><body name="main_body" pos="0 0 0" /><geom type="sphere" size="0.12" rgba="1 0 0 1" pos="0 0 0" mass="5" /><body name="arm1" pos="-0.2 0 0"><geom name="arm1" type="capsule" size="0.05 0.02" rgba="0 1 0 1" mass="0.01" /><joint name="arm1" type="hinge" axis="1 0 0" /><body name="hand1" pos="-0.08 -0.05 0"><geom type="sphere" size="0.03" rgba="0 0 1 1" mass="1" /></body></body><body name="arm2" pos="0.2 0 0"><geom name="arm2" type="capsule" size="0.05 0.02" rgba="0 1 0 1" mass="0.01" /><joint name="arm2" type="hinge" axis="1 0 0" /><body name="hand2" pos="0.08 -0.05 0"><geom type="sphere" size="0.03" rgba="0 0 1 1" mass="1" /></body></body><body name="arm3" pos="0.08051576863568222 -0.037634618427276646 0"><geom name="arm3" type="capsule" size="0.05 0.02" rgba="0 1 0 1" mass="0.01" /><joint name="arm3" type="hinge" axis="1 0 0" /></body><body name="arm4" pos="-0.043585664701346866 0.026352175926416532 0"><geom name="arm4" type="capsule" size="0.05 0.02" rgba="0 1 0 1" mass="0.01" /><joint name="arm4" type="hinge" axis="1 0 0" /></body><body name="arm5" pos="-0.09727624737985399 -0.019223348822929198 0"><geom name="arm5" type="capsule" size="0.05 0.02" rgba="0 1 0 1" mass="0.01" /><joint name="arm5" type="hinge" axis="1 0 0" /></body></body></worldbody><actuator><motor name="arm1" joint="arm1" gear="0.2" ctrllimited="true" ctrlrange="-60 60" /><motor name="arm2" joint="arm2" gear="0.2" ctrllimited="true" ctrlrange="-60 60" /><motor name="arm3" joint="arm3" gear="0.2" ctrllimited="true" ctrlrange="-60 60" /><motor name="arm4" joint="arm4" gear="0.2" ctrllimited="true" ctrlrange="-60 60" /><motor name="arm5" joint="arm5" gear="0.2" ctrllimited="true" ctrlrange="-60 60" /></actuator></mujoco>